category,count,share
Increase,4834,0.12929282122606184
No change,23191,0.6202792339788167
Decrease,2025,0.0541617631325559
New function,5008,0.13394672087300738
Deleted or renamed,2330,0.06231946078955815
