category,count,share
Increase,5138,0.130435886369983
No change,24434,0.6202939757812699
Decrease,2155,0.05470792820695083
New function,5252,0.13332994846538548
Deleted or renamed,2412,0.061232261176410854
