category,count,share
Increase,1453,0.1476475967889442
No change,6169,0.6268671882938726
Decrease,565,0.05741286454628595
New function,1252,0.12722284320699115
Deleted or renamed,402,0.040849507163906104
