complexity_bucket,functions,bugfixed_functions,mean_bugfix_commits,bugfix_share
1-20,44433,11151,0.4561249521751851,0.25096212274660723
21-40,980,523,1.6693877551020408,0.5336734693877551
41-60,252,136,2.0595238095238093,0.5396825396825397
61-80,82,42,1.2804878048780488,0.5121951219512195
81-100,42,25,1.6904761904761905,0.5952380952380952
101-120,20,10,0.85,0.5
121-140,3,2,1.0,0.6666666666666666
141-160,6,5,4.166666666666667,0.8333333333333334
161-180,2,1,1.5,0.5
181-200,5,1,1.8,0.2
