category,count,share,matched_total,overall_total
Increase,5510,0.21651996227601383,25448,44303
No change,17592,0.6912920465262496,25448,44303
Decrease,2346,0.09218799119773656,25448,44303
