pair_count,median_lag_days,p25_lag_days,p75_lag_days
27526,751.0796354166666,188.97995949074075,1807.7738541666668
