bugfix_commits,functions_with_exact_count,share
0,38883,0.8749746843988389
1,4122,0.09275636265442516
2,995,0.022390242804743582
3,274,0.006165755305024866
4,95,0.002137761875829789
5,43,0.0009676185332703256
6,13,0.00029253583563986586
7,7,0.00015751929611377394
8,4,9.001102635072796e-05
9,1,2.250275658768199e-05
10,1,2.250275658768199e-05
11,1,2.250275658768199e-05
