category,count,share
Increase,1330,0.1236174365647365
No change,3549,0.3298633702016916
Decrease,538,0.050004647272051304
New function,1563,0.1452737243238219
Deleted or renamed,5,0.00046472720513058836
Match unavailable,3771,0.35049725810948973
No parent commit,3,0.000278836323078353
