category,count,share
Increase,5205,0.14252854678386592
No change,16659,0.4561734987266902
Decrease,2252,0.06166652975163613
New function,7433,0.2035378843889482
Deleted or renamed,23,0.0006298091404474383
Function pair not recoverable,4936,0.13516251814124156
No parent commit,11,0.000301213067170514
